,#uniqueValues,std,mean,skew,min,max,f50,f95,energy,E10,E1020,E2030,EcHPI,E260300,E300340,dist_nas,dist_lpa,dist_rpa,dist_mrk4,dist_mrk5
ch0,38400,561.6008290131093,-0.8814748394909488,-0.3256267132947642,-4526.477663544538,3161.176750498341,0.26666666666666666,50.0,3.154e+05,8.829e+01,1.829e+00,1.289e+00,,,,37.84317217705997,155.58107465148132,173.0252966413742,39.819691087930316,58.218215709672606
ch1,38400,410.2777344207479,-2.5942623113442513,-0.4323774696121867,-6706.553892470586,1897.5093097833508,0.31333333333333335,42.1,1.683e+05,4.966e+01,1.497e+00,1.043e+00,,,,51.16571214299437,140.78848592552902,183.92178624408362,34.182094322926744,76.65549355370912
ch2,38400,653.8628882776702,-4.247659696981988,-0.8275833480843753,-7731.6302622397825,4069.083879497743,0.22333333333333333,24.706666666666667,4.275e+05,1.332e+02,1.603e+00,1.101e+00,,,,67.63875440906351,126.05399349406962,191.99992451080382,41.38190452726863,94.20554231806827
ch3,38400,921.6723953448532,0.8939186747216937,0.024959449673952142,-7058.3034523615825,6516.393091267134,0.19333333333333333,1.0533333333333332,8.495e+05,2.769e+02,1.804e+00,1.319e+00,,,,47.157780241142255,174.44224605273718,169.03096202083324,60.99749921848064,53.00562580641425
ch4,38400,662.8811751462301,-1.5801703686316722,0.3083642533852161,-4263.240315457808,4551.7255266911425,0.2,49.233333333333334,4.394e+05,1.355e+02,1.302e+00,9.189e-01,,,,58.95406074547704,149.64655777702623,188.21815728042364,46.26443708522727,80.34385307878294
ch5,38400,1136.561138101852,0.1293940960768331,0.30790802462260486,-8083.486278940585,8063.826098489762,0.18333333333333332,49.986666666666665,1.292e+06,3.983e+02,1.681e+00,1.258e+00,,,,65.82327623973113,167.80451175593493,185.94685626394826,64.51940080966541,78.1405059938879
ch6,38400,869.2516995225324,-3.5137092200372413,0.8327973593754875,-4025.060771183159,6127.309672335114,0.24,50.00666666666667,7.556e+05,1.698e+02,1.676e+00,1.140e+00,,,,89.3018024235497,143.3914521749641,200.31745119486112,71.57206402741967,108.1422590063102
ch7,38400,866.9492423297299,-5.393469223352005,-0.0657361463090366,-5148.102372116662,5660.606803197791,0.3233333333333333,50.01,7.516e+05,1.486e+02,1.910e+00,1.202e+00,,,,103.22131224224832,133.59520726667077,204.28058455773314,82.62909353830841,122.19001832873782
ch8,38400,1070.7520291736366,-6.3841575607019525,-0.16492251802255642,-7676.3542235958585,8195.732527945094,0.24,50.00666666666667,1.147e+06,2.836e+02,2.179e+00,1.284e+00,,,,120.17216230984009,127.39773365437054,208.8395137624757,98.76270030486367,138.20460811940924
ch9,38400,1383.5344594319638,1.3422126096191176,0.3761797759064858,-10126.37361910217,9797.457686732901,0.18666666666666668,49.983333333333334,1.914e+06,5.963e+02,1.891e+00,1.423e+00,,,,93.24916111305039,179.9647381455162,185.42562644429788,94.93874655603526,96.7381761042389
ch10,38400,1411.7990002477434,0.5443430989473647,0.48098581319717354,-9868.940364911212,10347.852937802414,0.18333333333333332,49.99,1.993e+06,6.074e+02,2.068e+00,1.564e+00,,,,81.10799237653808,171.6645888933527,188.28149440683745,79.46348268685082,89.86198587761251
ch11,38400,1157.4735481211333,-1.107858546587904,1.0006730782061317,-7042.646892870231,9110.85214062985,0.18,50.0,1.340e+06,3.962e+02,1.525e+00,1.081e+00,,,,94.23230627681951,160.69261857707525,199.42340531417926,83.83021493157825,107.62860865689443
ch12,38400,731.3621697914335,-4.3945966522966575,0.2659835672433534,-4479.8810985933405,5237.385907764266,0.25333333333333335,50.00666666666667,5.349e+05,1.219e+02,2.312e+00,1.412e+00,,,,122.34254116812176,138.7600157152717,203.69190969437275,105.50687664579115,136.5525197331597
ch13,38400,1410.4430012769735,0.27913332902020027,0.9027315982980377,-9575.54436277423,10854.56216302865,0.17666666666666667,12.176666666666666,1.989e+06,6.295e+02,1.697e+00,1.214e+00,,,,101.4347623280869,170.73474258671752,193.9734700417589,96.52066109586434,109.24919206248221
ch14,38400,1222.8308082059393,-0.8401292119890161,1.2741260489855484,-7402.135662287164,9725.520155719008,0.17666666666666667,3.82,1.495e+06,4.754e+02,1.575e+00,1.053e+00,,,,112.76917984556368,160.42253087678506,199.889584001371,102.59376186684295,123.18619808672452
ch15,38400,1212.412366019716,1.1666585457826728,0.5907922384174383,-8874.580640441733,8937.351458620917,0.18666666666666668,0.87,1.470e+06,4.760e+02,1.431e+00,9.989e-01,,,,111.27293768888383,182.15040379906728,187.07957058759465,111.74450318166473,112.97135766232027
ch16,38400,1270.784346783713,-6.1720358453152055,-0.5324995708065721,-10147.26157264042,9824.552445455505,0.21666666666666667,50.00666666666667,1.615e+06,4.465e+02,2.821e+00,1.637e+00,,,,152.08171515834638,126.52744961514259,210.18762382114488,133.365556543975,165.67607358197995
ch17,38400,1137.8803746537778,-5.755218427792326,-0.5812318710196476,-8795.200206289532,8954.317710435855,0.21333333333333335,50.0,1.295e+06,3.684e+02,3.096e+00,1.849e+00,,,,165.94326925296264,131.28058479117135,208.58329579992537,149.33598787972824,176.97736482393753
ch18,38400,778.8195896033827,-4.715527484876679,-0.22541112652253759,-5981.445941957965,6144.3697892112,0.20666666666666667,50.0,6.066e+05,1.749e+02,2.953e+00,1.850e+00,,,,179.3948084119823,141.00188171506994,207.7739682760525,165.15263691856657,187.78707102135328
ch19,38400,830.7520819486712,-3.4535367864764406,0.535506742349008,-5566.179926392677,7307.55773363624,0.19666666666666666,7.93,6.901e+05,2.192e+02,2.345e+00,1.524e+00,,,,199.23244278132162,167.04719030814857,199.38341672929494,191.16143843391933,201.34755933041552
ch20,38400,791.5125974610353,-4.579228825356727,-0.300090917677987,-5647.868794219979,4892.134212321215,0.29333333333333333,50.00666666666667,6.265e+05,1.426e+02,2.910e+00,1.734e+00,,,,140.36907905630991,136.33862668364065,204.8564964741052,124.00693786484958,152.70451431978432
ch21,38400,716.3415483260098,-2.1320551981134055,0.5243279700308475,-5110.628497193183,5811.968827645624,0.19666666666666666,2.33,5.131e+05,1.655e+02,1.774e+00,1.130e+00,,,,189.2195763898469,169.29941674443683,204.64122247165955,180.58547496607534,192.4194757071842
ch22,38400,993.2025105884535,-2.521662337328561,1.3734631114512408,-5909.3212233605545,10361.484954260512,0.18333333333333332,0.8066666666666666,9.865e+05,3.201e+02,1.508e+00,9.365e-01,,,,196.71513585256594,182.22342347104208,197.50060748607882,191.6589598196367,196.363219959593
ch23,38400,1387.5609078486964,-3.7078192749674583,1.809172084615038,-7685.075990758118,16019.009306295808,0.18333333333333332,2.8566666666666665,1.925e+06,6.129e+02,2.058e+00,1.285e+00,,,,196.26084410078553,189.6798192637216,184.6428646075631,194.76836858853164,192.56396896727068
ch24,38400,664.3738454764638,-1.6841183173544356,1.0224663497852475,-4308.084522698328,6212.832678221689,0.21,50.0,4.414e+05,1.286e+02,1.820e+00,1.156e+00,,,,146.36498630764206,153.67547776914822,205.68801436000373,133.8135482406154,155.45178730207212
ch25,38400,692.4963506697923,-1.0283954253906784,0.5567728617059152,-5223.3051626213,5869.18269547732,0.19666666666666666,10.22,4.796e+05,1.518e+02,1.853e+00,1.181e+00,,,,163.27931011896837,160.2081492916713,206.66457266721935,152.29171207334463,169.97062499595154
ch26,38400,1009.4366422179941,-0.5015701288122152,0.593221159185137,-7188.977822031726,7801.457579034338,0.19,0.74,1.019e+06,3.345e+02,2.044e+00,1.273e+00,,,,174.30866507237025,170.61120653979467,200.84550730428256,166.67824763978226,177.35738952838213
ch27,38400,1130.8824158687892,-0.5283742037038597,1.0926463328194886,-7031.342712750049,8992.777596238475,0.18333333333333332,0.71,1.279e+06,4.162e+02,1.696e+00,1.100e+00,,,,135.29770925307272,166.1378064367256,197.34687329540733,127.59507475790925,141.1740632928799
ch28,38400,909.1244673569238,0.011303955576726138,0.6525260898459425,-5996.445265387907,7090.617690356958,0.18666666666666668,0.7133333333333334,8.265e+05,2.721e+02,1.318e+00,7.706e-01,,,,169.71094785124362,184.13397997635306,197.14165957128472,165.71436821351764,169.98849775010328
ch29,38400,687.8533474690112,-0.5469132228539324,1.1094554515279178,-4116.2298814516,5989.173362637603,0.17666666666666667,0.9533333333333334,4.731e+05,1.540e+02,1.196e+00,6.650e-01,,,,174.04724057119867,194.56850674193242,188.2160769805171,173.8780347729358,170.54736037571044
ch30,38400,1154.0643052643084,0.538060112485681,0.8130739756492958,-7857.789901123439,8601.86598902604,0.18666666666666668,0.6466666666666666,1.332e+06,4.381e+02,1.491e+00,9.629e-01,,,,129.52163810791512,178.7210759277554,188.71450390326336,127.44670710811886,131.08695185338567
ch31,38400,932.8154814316756,0.3864196515328108,0.5956090064763054,-6426.283083973158,7114.807442606503,0.19,0.7166666666666667,8.701e+05,2.862e+02,1.392e+00,8.218e-01,,,,148.3146245449213,182.130705546325,191.96595016985535,145.61284540092342,148.85913261876544
ch32,38400,2184.5748219906022,-7.775647261643051,-0.595975059170733,-18089.12624429503,16649.9674646931,0.19333333333333333,1.23,4.772e+06,1.523e+03,3.328e+00,2.035e+00,,,,117.19997138180945,57.474503570413795,192.09311685329993,89.94998324185696,141.06598480616557
ch33,38400,2068.20244739054,-6.241854568476168,-0.5127029580063808,-17035.816589822058,15578.613956542764,0.19666666666666666,11.406666666666666,4.277e+06,1.354e+03,2.988e+00,1.931e+00,,,,132.16264490714644,53.89302790029531,192.80797303977272,107.99296468454843,154.2373063878321
ch34,38400,2388.812603680802,-8.271515993317903,-0.31372070789615913,-19797.649941914227,18766.77260451829,0.19666666666666666,49.99,5.706e+06,1.765e+03,3.978e+00,2.506e+00,,,,143.95225898190694,38.62411676143752,194.4444461746475,119.61566526801177,164.81257388179725
ch35,38400,2545.795593351665,-9.406023593747586,-0.24625803156564016,-21265.40223790382,20365.04639231524,0.2,50.0,6.481e+06,1.962e+03,5.062e+00,3.197e+00,,,,158.81159301672875,30.478467091212362,194.51878288549676,135.72516526772816,177.50933086223245
ch36,38400,1606.103791852229,-4.986413973937688,-0.8828762513805671,-12554.874064189453,11731.40491184259,0.19333333333333333,0.7233333333333334,2.580e+06,8.463e+02,2.379e+00,1.536e+00,,,,101.53888650972814,76.4774631780316,187.57417982332433,75.46553402538271,126.48814341104423
ch37,38400,2347.7132728501942,-8.662102070689837,-0.279031790505443,-19619.39081041098,18497.60795210151,0.19666666666666666,49.99,5.512e+06,1.694e+03,3.799e+00,2.218e+00,,,,133.0470834526287,44.47381284549805,195.9132159821039,106.41029255743615,155.36493023996425
ch38,38400,1513.7635463040695,-6.1199938981275155,-0.8853159459456823,-12040.850767316404,10939.222369608337,0.19,0.6666666666666666,2.291e+06,7.556e+02,2.282e+00,1.479e+00,,,,88.3566099065807,89.0205942787512,189.90023789195877,58.82445420418264,115.16371829917948
ch39,38400,2027.7467661649716,-8.121599251741527,-0.5970122785974452,-17449.16172292885,15202.445288302557,0.19333333333333333,2.12,4.112e+06,1.308e+03,3.024e+00,1.771e+00,,,,106.23894126601925,72.76949709431075,194.7736798954869,76.65478977592083,131.4211317723564
ch40,38400,2477.572182345676,-8.896724478703533,-0.2839140738343859,-20843.4538524234,18944.693841611977,0.19666666666666666,49.99,6.138e+06,1.898e+03,5.160e+00,2.913e+00,,,,136.83447209479652,52.68644587698031,196.77212866085418,110.52090077424474,157.50617162965244
ch41,38400,1369.673252477567,-6.088984398765991,-0.7823348640394454,-11576.972449598916,9840.717950151655,0.19333333333333333,0.9166666666666666,1.876e+06,6.071e+02,2.169e+00,1.411e+00,,,,83.46766684957528,103.15872669096665,194.58970631018468,53.062897620875944,110.59102727070335
ch42,38400,2414.37815257372,-8.784765886389602,-0.3312687947355073,-20619.29273514401,18564.8452561549,0.19333333333333333,49.99,5.829e+06,1.805e+03,4.020e+00,2.265e+00,,,,117.08774691474473,79.66713336808098,201.3956585992125,88.40833387811462,140.39800471633728
ch43,38400,1208.274831798169,-6.26895217280581,-0.590492157970549,-10261.458765978015,8808.382101280484,0.2,50.0,1.460e+06,4.236e+02,1.953e+00,1.242e+00,,,,85.96751322394653,115.60287480429135,199.7213220532418,57.714820562323574,111.53697718239422
ch44,38400,1776.6248358000114,-7.93662587208416,-0.4019034502382561,-15076.2375121103,13625.427373587969,0.19666666666666666,50.0,3.156e+06,9.207e+02,2.762e+00,1.630e+00,,,,102.02176529990071,103.70725373273935,202.9251962547491,73.6169941866282,126.14957937243025
ch45,38400,2361.6173045226105,-9.284579911972232,-0.2798351504330469,-19570.385288655492,18751.833899545974,0.19333333333333333,49.99,5.577e+06,1.696e+03,4.617e+00,2.677e+00,,,,134.35990730817713,91.92972500156156,206.08239259313933,109.13881094632904,153.9546724459367
ch46,38400,973.5444249574864,-5.834802025128524,-0.346437771235569,-6964.230598130043,6508.203974392249,0.27,50.00666666666667,9.478e+05,2.181e+02,1.756e+00,1.109e+00,,,,92.75980063305715,126.38444752938229,203.3314232443148,68.3294044034408,115.43301567113414
ch47,38400,1924.194985985412,-8.913788382741828,-0.26151378517676094,-15707.439379779837,15438.033496147158,0.19666666666666666,50.0,3.703e+06,1.067e+03,3.633e+00,2.085e+00,,,,124.14228563307492,108.85461585631899,206.84178020203586,99.92586713924152,143.64609300414745
ch48,38400,2421.790629327858,-8.916254157309131,-0.20801648617868426,-19973.612168898417,19569.91978454098,0.21,50.0,5.865e+06,1.771e+03,4.708e+00,2.880e+00,,,,174.21986491201545,39.9543481199609,195.09916288865816,152.7930369586714,190.52422791047303
ch49,38400,2186.4484098464045,-8.855096600765432,-0.09199239708316789,-17342.33093605433,18052.038116601532,0.21,50.0,4.781e+06,1.438e+03,4.549e+00,2.609e+00,,,,177.84235384827576,57.19186093685152,195.96220149801627,157.06541848348272,192.6035816439404
ch50,38400,1384.719304646468,-5.550380408774679,0.0709979901611293,-10571.210951996994,12045.034902673544,0.21333333333333335,49.99,1.917e+06,5.818e+02,3.013e+00,1.993e+00,,,,199.76237009069172,73.65835109960688,194.46509329509175,182.1507527246163,211.52312429946576
ch51,38400,729.7040536639075,-2.787259562430149,-0.1263920256174209,-5918.555934900912,9522.79760915184,0.19333333333333333,4.36,5.325e+05,1.710e+02,1.988e+00,1.388e+00,,,,212.11761626911542,92.951381964306,192.69315778191122,196.8753578425581,221.30897491651567
ch52,38400,2489.601603847749,-9.415704356203682,-0.13317775442000723,-20196.89475740156,20034.088760982668,0.21,50.0,6.198e+06,1.864e+03,5.210e+00,3.023e+00,,,,162.93606678844583,40.68961373670368,194.83914015024868,140.1075158149252,180.14879138491148
ch53,38400,1479.702934370456,-6.574464067136327,0.05072799173763044,-11134.663165785973,12809.789668041287,0.20333333333333334,49.99,2.190e+06,6.678e+02,3.636e+00,2.160e+00,,,,191.24990757733275,75.1296171598275,195.2476949881364,172.8153283688354,203.41961607213509
ch54,38400,2409.0794542079398,-8.43488333789142,-0.34576883337357495,-19431.349064608476,19247.594593290385,0.2,49.99,5.804e+06,1.779e+03,5.231e+00,2.909e+00,,,,170.63017325000155,68.6265058573728,199.4144231458065,149.0714026988127,185.8586902701603
ch55,38400,1094.2673638898968,-2.9988631067821574,-0.8154643842813099,-9576.396646277688,8534.518238696432,0.18666666666666668,1.1233333333333333,1.197e+06,3.902e+02,3.196e+00,1.647e+00,,,,196.38749411491264,99.49923806727442,196.94845354635007,179.87205375843487,206.26792232913763
ch56,38400,2338.840382000831,-8.25466722793426,-0.25001928988820166,-19025.543506659826,18864.61934193672,0.19666666666666666,49.99,5.470e+06,1.684e+03,5.066e+00,2.951e+00,,,,166.517788803041,84.41884628682,204.3142930527054,144.8007576178632,181.83216476606327
ch57,38400,2016.2524155321526,-6.613936642949982,-0.4457704568226263,-16010.508212236937,16258.003446987512,0.19333333333333333,49.96,4.065e+06,1.276e+03,4.339e+00,2.505e+00,,,,181.35842880519957,96.64518505788442,204.34658287793022,162.13538821505787,193.98828802018804
ch58,38400,2282.0550493660066,-9.320393146675043,-0.237880779684457,-18865.16973677485,18499.706360808595,0.19666666666666666,50.0,5.208e+06,1.558e+03,5.032e+00,3.016e+00,,,,151.69433348628723,93.66913061716843,205.9446197108059,129.03943201807104,168.32245212076265
ch59,38400,2150.271388829459,-8.620262880667864,-0.30054004085477265,-17561.921821767046,17523.49333106163,0.19333333333333333,50.0,4.624e+06,1.398e+03,4.527e+00,2.665e+00,,,,168.1052373153578,102.31165263847527,207.34849719432722,147.81205618076802,182.0893566683122
ch60,38400,1647.4715759352528,-6.565200939606599,-0.3474951729937288,-12806.062515011401,13637.282084702496,0.19333333333333333,49.99,2.714e+06,8.391e+02,3.631e+00,2.155e+00,,,,184.48568038578549,113.73192220486791,208.0581215757998,166.62487523799635,195.79057784885504
ch61,38400,981.961000063144,-4.171946722085578,-0.05589889961409621,-6571.482397487902,8258.368435310525,0.19,11.733333333333333,9.642e+05,3.045e+02,3.145e+00,1.859e+00,,,,196.1538095281359,126.38432724814425,205.226901199866,181.01221397800833,204.64216629288205
ch62,38400,1940.9094212690406,-8.661867474560378,-0.37348804438391925,-15928.485598886224,15500.928829482706,0.19666666666666666,50.0,3.767e+06,1.093e+03,3.912e+00,2.261e+00,,,,141.39615046136456,108.92210352782125,208.6372267524659,119.04227942850471,158.40772912585228
ch63,38400,1551.5733711199955,-7.102580468723899,-0.3978860554129594,-12220.25162765207,12747.987492647277,0.19333333333333333,50.0,2.407e+06,7.220e+02,3.518e+00,2.092e+00,,,,175.10479101902604,121.337199771211,209.16509431158457,157.41784231246487,186.61083650585263
ch64,38400,1176.7929318010229,1.3935672303510118,0.05618786629636596,-8974.761876496263,8037.318938347464,0.19,49.99,1.385e+06,4.241e+02,1.764e+00,1.367e+00,,,,78.9469344661954,185.25408850311686,179.46549672664142,86.67706453275758,80.19789122811483
ch65,38400,1007.8492764454955,1.1555952160922411,-0.37145472665588225,-7926.1858666426515,6644.328448206925,0.2,31.296666666666667,1.016e+06,3.172e+02,2.449e+00,1.765e+00,,,,43.98269371080364,179.88056479592112,152.07794288538028,69.51462700363612,37.326032782982345
ch66,38400,1350.3035335744084,1.9160215752931928,-0.5891593414810168,-12235.389220294795,8590.238609346818,0.19666666666666666,1.15,1.823e+06,5.842e+02,2.441e+00,1.788e+00,,,,57.3926769285058,189.80696345761416,139.77620908602393,86.27646270298024,38.323497342512006
ch67,38400,1586.9774495826837,3.180674363024713,-0.5888663817993137,-14687.751793724881,10135.055299492427,0.19333333333333333,1.02,2.518e+06,8.058e+02,2.292e+00,1.726e+00,,,,75.1408146044075,199.13541131126172,125.85909331063613,104.86177048162192,49.674448154947285
ch68,38400,1527.5531360425043,2.6615408487088454,-0.4964671969653972,-13380.384631579047,9813.045200469514,0.19333333333333333,0.5966666666666667,2.333e+06,7.668e+02,2.093e+00,1.603e+00,,,,66.47101935784254,195.46317233168895,146.4779523601919,92.34325113942914,49.076484090126215
ch69,38400,1118.5509307711611,1.485331902695121,0.055406070385783726,-8563.856886384621,7865.374793981674,0.19,3.216666666666667,1.251e+06,3.984e+02,1.761e+00,1.348e+00,,,,62.83045342037039,180.65416632636203,175.36809184351216,73.08802229172149,66.14544937039345
ch70,38400,1247.8659346293234,2.0863495724625176,-0.07565752028244259,-8788.614411438472,7632.841730851523,0.19333333333333333,0.9666666666666667,1.557e+06,5.052e+02,1.940e+00,1.513e+00,,,,67.67677586331656,190.4976039994106,163.70415598904356,85.57769180404941,60.80206798408013
ch71,38400,1604.33145904479,3.8709601936610034,-0.5541860578205836,-14512.025717737828,10506.00976746896,0.19,0.5066666666666667,2.574e+06,8.438e+02,1.784e+00,1.425e+00,,,,93.99088499972821,208.2483988536559,143.682554952389,117.32474580010248,74.29190814894753
ch72,38400,1594.216302338599,5.126078018767713,-0.5234284523939444,-14668.300862476253,10993.26422814639,0.19,23.416666666666668,2.542e+06,8.020e+02,2.225e+00,1.726e+00,,,,105.69965916056633,211.40880880672705,133.159692207728,129.2758638876901,83.68647190480479
ch73,38400,1259.2597083558842,5.870125697092654,-0.27607447361187576,-12643.91357729884,9406.216221430137,0.19666666666666666,50.00666666666667,1.586e+06,4.421e+02,2.604e+00,1.891e+00,,,,122.27044446614566,214.53377645762737,124.62177554023084,144.5393048256451,99.84195085696322
ch74,38400,1238.1017536230493,2.2131737571492875,-0.05344054606989241,-8459.38345976708,7468.207407764928,0.19333333333333333,6.586666666666667,1.533e+06,4.863e+02,1.869e+00,1.469e+00,,,,82.94365763412509,193.87724781139627,167.15212548236642,97.36790225881896,75.94690614896516
ch75,38400,1385.8945770830037,2.861878796993216,-0.4721724357188093,-11841.502861141687,9017.571206131992,0.19333333333333333,0.5333333333333333,1.921e+06,6.333e+02,1.647e+00,1.290e+00,,,,95.44890433029691,203.103442348564,156.36889946545594,113.52684640450421,81.73157610765199
ch76,38400,1172.6530929452313,3.626780728148867,-0.8557542894809221,-11512.644868127967,8122.653837754106,0.18666666666666668,49.986666666666665,1.375e+06,4.252e+02,1.979e+00,1.402e+00,,,,126.44160890513604,212.5005592974001,137.71740033172884,145.07898398960518,107.67957893249225
ch77,38400,904.3606079868975,1.8392426519216443,-0.27544397897998124,-6700.869667603485,6110.850247960997,0.19333333333333333,0.9,8.179e+05,2.656e+02,1.097e+00,7.931e-01,,,,105.46490971681956,203.42881420105815,167.38666683830095,119.03042346554737,95.56373708933609
ch78,38400,965.8274963609393,2.0163690114227477,-0.9054820378947867,-9166.446175578185,6374.896014291701,0.18666666666666668,0.5333333333333333,9.328e+05,3.070e+02,1.138e+00,7.808e-01,,,,117.58459478933868,209.31455540738582,157.2766945172083,133.20590397945492,103.5722640884878
ch79,38400,799.4924529295051,1.3790264683239248,0.05035544099826524,-6446.8915948338035,5533.924609956173,0.19333333333333333,8.126666666666667,6.392e+05,2.027e+02,1.210e+00,8.223e-01,,,,111.6141413696407,194.02294573953924,176.8803963509035,118.64986849114646,107.1795837589482
ch80,38400,786.9734282049893,4.381452221631122,-0.16487746998494848,-10687.100791584704,5469.288710617633,0.25333333333333335,50.00666666666667,6.193e+05,1.427e+02,2.798e+00,1.775e+00,,,,157.3623146456098,218.40323015573907,124.44088142200813,174.55135898769652,137.7736357837736
ch81,38400,576.1708294685391,2.6936551761922747,-0.08435880862199721,-7227.708908543259,4611.974173901761,0.27,50.00666666666667,3.320e+05,8.161e+01,2.138e+00,1.282e+00,,,,172.35937085342536,219.33504980806364,131.90458632229522,186.80433550230623,154.75700963756523
ch82,38400,865.4562092198676,-0.3536102538123902,1.4695652646741137,-4997.798935565334,8988.32434907012,0.18333333333333332,0.9966666666666667,7.490e+05,2.437e+02,2.218e+00,1.386e+00,,,,183.09572149068273,215.25541486975135,140.30713138919543,194.2994684900376,168.06026298858038
ch83,38400,1515.463719854258,-4.224943135013956,1.756970190047529,-9799.120662959978,17666.50130288129,0.18666666666666668,6.986666666666666,2.297e+06,7.285e+02,2.384e+00,1.618e+00,,,,202.85884553536215,208.2533873631668,164.61078691078382,207.68844742216055,193.07846993752574
ch84,38400,1329.4877204365407,-4.171746269552229,1.7441851209804602,-8137.7725588731655,15547.198566635521,0.19333333333333333,2.18,1.768e+06,5.633e+02,1.951e+00,1.245e+00,,,,208.9501358875284,189.91347887853053,186.6702137256611,206.77467740046148,205.3901589613923
ch85,38400,995.0020723175975,2.6948639020932075,-0.9772364467635939,-10199.195197625559,6945.843895698348,0.19,49.99,9.900e+05,3.000e+02,2.568e+00,1.676e+00,,,,145.42084972583478,213.02787429668973,135.29643122021153,161.41039171927287,127.7416956951045
ch86,38400,881.0984599293373,-2.7774782440454455,1.6653676875560892,-5944.537461901342,10132.63100407018,0.19666666666666666,49.986666666666665,7.763e+05,2.391e+02,1.859e+00,1.189e+00,,,,189.9451544931449,211.34943837149217,164.6637521479196,196.30721341086968,179.36103623940608
ch87,38400,1184.621517419437,-3.4295200773940526,1.8374079528702632,-7415.386403142072,13895.368387796265,0.19,49.97666666666667,1.403e+06,4.390e+02,1.755e+00,1.121e+00,,,,197.40191101662128,204.005921685155,177.00753179137686,199.8839117760797,190.11349122385334
ch88,38400,848.2779700185329,0.9698881152052883,-1.433173020339977,-8436.673778880353,4916.277796240871,0.18333333333333332,0.96,7.196e+05,2.328e+02,1.499e+00,9.113e-01,,,,147.54566837260603,213.2416029806054,150.7711384855433,160.87036842451408,132.74404223615636
ch89,38400,568.7997313019908,-0.3839779083256754,-1.9289076379626016,-5608.225976116535,3369.8695960550167,0.20333333333333334,6.33,3.235e+05,1.036e+02,1.806e+00,1.055e+00,,,,162.64290651509148,211.20442512050707,155.04153842694092,172.91272747335793,149.74186942263256
ch90,38400,351.5629495679585,-1.6126151034663652,0.27748014830791545,-3006.460098931478,3152.207086317196,0.31,50.0,1.236e+05,3.323e+01,1.481e+00,8.770e-01,,,,178.11862031170148,211.62363574879342,166.48757893933268,185.21691137641565,167.52208315991425
ch91,38400,882.1044008047719,-1.7065681293164026,1.6535324275250805,-4488.098944188578,9503.038846085994,0.18,0.9266666666666666,7.781e+05,2.513e+02,1.182e+00,6.894e-01,,,,188.31492337988325,196.01115845391215,189.55313706041716,187.57428831490748,184.5389372886354
ch92,38400,696.0335612554841,0.7855946170388944,-1.3834779486922966,-6709.000409471072,4176.268784762228,0.19,0.81,4.845e+05,1.583e+02,1.143e+00,6.616e-01,,,,139.82995994195127,207.9816746792132,163.1958228127372,150.52406144871523,128.46846499213737
ch93,38400,255.30658693190037,-0.681270898810407,0.6623806584523654,-2314.8600583404677,2170.3314243163863,0.4,49.986666666666665,6.518e+04,1.794e+01,1.174e+00,6.507e-01,,,,171.3759314976204,205.30935766776597,177.79220262475317,175.68153820333148,163.92124943620155
ch94,38400,454.70679140290196,0.9236770533446327,0.05026937907743901,-3339.5197484770038,3423.1103296740434,0.19666666666666666,7.866666666666666,2.068e+05,6.584e+01,1.276e+00,7.381e-01,,,,131.63198703866593,196.05445763797948,172.98329805774196,137.8941684344808,125.25195239985811
ch95,38400,314.25435957804035,0.17599909405133643,-0.2843585978037348,-2649.453137468852,2431.772740774868,0.24,19.69,9.876e+04,2.997e+01,1.333e+00,6.991e-01,,,,149.54898244321362,199.0169362941306,174.0792713198667,154.70640094654127,142.64792472408672
ch96,38400,774.900748772652,6.463248461617181,0.28962000261682447,-9402.844265001715,5174.633565779826,0.23,50.00666666666667,6.005e+05,1.539e+02,2.266e+00,1.695e+00,,,,122.94582319473871,195.045681722693,78.50579416507861,147.28846512054176,103.11449703455918
ch97,38400,894.347550596408,7.894663405695539,-0.1073925228675318,-10155.336404860633,5879.513537818692,0.28,50.00666666666667,7.999e+05,1.932e+02,2.784e+00,2.114e+00,,,,136.38901417494702,198.7771549649125,59.823379710512135,160.22188197228758,114.9185341612971
ch98,38400,1184.6456697949966,8.212449109109969,-0.06473272925459982,-9820.915519705104,8516.725315273949,0.21666666666666667,50.00666666666667,1.403e+06,3.735e+02,2.911e+00,2.185e+00,,,,149.35021952862593,201.25717738513256,47.37195528243176,171.9703640305502,127.72799395525917
ch99,38400,1564.8336167621856,8.576645635918448,0.1542433777667468,-12433.850711988716,12808.092216513494,0.2,50.00666666666667,2.449e+06,6.921e+02,3.389e+00,2.480e+00,,,,161.66183863239687,201.02935831605623,38.65455668912923,182.40745407969035,140.72734349979987
ch100,38400,665.4729976977069,5.254937290875269,0.27584759183701807,-8819.063148496874,4158.050067262436,0.24333333333333335,50.00666666666667,4.429e+05,1.138e+02,2.295e+00,1.710e+00,,,,108.97672810493494,194.02763471391913,77.81120109712106,135.69108850577632,85.91221195840946
ch101,38400,1079.306567493819,8.130144562604643,-0.15516474358326113,-11039.175768089419,7264.768886851571,0.23333333333333334,50.00666666666667,1.165e+06,2.964e+02,3.133e+00,2.241e+00,,,,137.65014896526597,201.01845398556387,47.74081577271238,161.9022728584344,113.68025801348546
ch102,38400,709.2099648488493,3.8569146278373214,0.10913989135005944,-8219.302267486339,4450.412714457761,0.23,50.00666666666667,5.030e+05,1.300e+02,2.059e+00,1.528e+00,,,,98.48487772621749,196.98522733849984,86.8058734295811,127.30949726997959,72.20784513828838
ch103,38400,823.0534188718874,6.4086331759420325,-0.14597806517425044,-11369.546947203991,5385.998078131289,0.2866666666666667,50.00666666666667,6.774e+05,1.584e+02,2.585e+00,1.880e+00,,,,114.36015839150654,201.9993541114369,73.14315228354826,141.9057824068659,87.70088970514912
ch104,38400,1351.7465420459353,7.974390147489674,-0.027404849422269867,-10549.557461945378,10796.257640258364,0.21666666666666667,50.00666666666667,1.827e+06,5.021e+02,3.675e+00,2.399e+00,,,,144.1290194275704,204.5311588988629,53.539217683608605,167.24098386573917,119.7223078819743
ch105,38400,1102.7658622421518,3.9486387076834792,-0.2229600044379969,-9540.902367063934,7360.352525132591,0.2,50.0,1.216e+06,3.574e+02,2.196e+00,1.642e+00,,,,93.29832411332642,202.146057698529,100.85474581013086,123.07533565559078,65.46918098553691
ch106,38400,1239.460467297294,7.647755156860903,-0.3442743463823198,-12164.885421793291,8052.929487563986,0.23333333333333334,50.00666666666667,1.536e+06,3.931e+02,3.595e+00,2.440e+00,,,,126.85211175059432,209.45678011069177,77.6586847562631,152.8328869388972,100.13703299239081
ch107,38400,1504.9030054326101,5.012565021982512,-0.3293666587923774,-13433.569510972005,10245.191687414677,0.19333333333333333,49.99,2.265e+06,6.937e+02,2.514e+00,1.899e+00,,,,92.92010161024285,206.1017635807606,112.89644506088514,121.99137136441111,65.54550658298471
ch108,38400,1255.7001911882621,6.913734417662087,0.009610005160900832,-13536.025591464504,9346.34270804621,0.20333333333333334,50.00666666666667,1.577e+06,4.187e+02,3.097e+00,2.243e+00,,,,109.77300264913923,210.85823174300774,101.76885629899088,137.4195853989643,82.37369691584615
ch109,38400,1372.9251480838304,7.935790533568921,-0.27878709142711866,-11984.150465739953,9510.068494582882,0.23666666666666666,50.00666666666667,1.885e+06,4.755e+02,4.391e+00,2.782e+00,,,,141.69734516162546,213.48639873942665,89.35531982332341,164.38792636094487,117.22507553752591
ch110,38400,1658.6163147512445,5.755451481241944,-0.3559664653179337,-14847.643964852954,11522.746388983443,0.19333333333333333,49.99,2.751e+06,8.513e+02,2.593e+00,1.988e+00,,,,99.35834534366413,210.1382965572981,122.92526196028987,126.09026854894104,74.17227592440084
ch111,38400,1201.9628660557332,7.31941998148997,-0.12012858823266273,-13654.96732484386,8403.821424984086,0.23,50.00666666666667,1.445e+06,3.411e+02,3.463e+00,2.371e+00,,,,130.76738492059368,215.44401551706412,107.80747379236513,153.98298532549535,106.48556134558281
ch112,38400,1598.4729672954113,8.633783310653165,0.23182443926312504,-12421.868745870685,13276.296709880808,0.2,50.0,2.555e+06,7.351e+02,3.189e+00,2.246e+00,,,,176.5346954446103,200.65594133558318,42.37975188887765,194.7254889404239,156.9399102674619
ch113,38400,1505.4032406380932,7.468712685951,0.2915013932152931,-11570.436020236722,12567.216557228176,0.19666666666666666,50.0,2.266e+06,6.756e+02,3.157e+00,2.008e+00,,,,181.92901484161334,203.49254614074601,57.91695584330668,198.87102314335027,162.31092807123028
ch114,38400,1515.765415384433,5.5950854136671175,0.5804957448103613,-10668.268145621892,13106.201036846227,0.19333333333333333,49.99666666666667,2.298e+06,6.942e+02,2.400e+00,1.626e+00,,,,202.50039752992535,202.1663511712108,73.430718001047,216.15486111691993,185.76816315157242
ch115,38400,1370.600836917022,3.093760962137287,0.9784580312355188,-8775.238034705397,11992.011091366241,0.19333333333333333,49.983333333333334,1.879e+06,5.846e+02,2.163e+00,1.456e+00,,,,213.58999013215382,200.2861193384285,90.06924246360913,224.70167143457576,198.78543558607632
ch116,38400,1403.9320715126978,8.34139122225995,0.13232512883195538,-11117.704000243806,11495.849527405922,0.19666666666666666,50.0,1.971e+06,5.737e+02,3.475e+00,2.303e+00,,,,166.5765977570007,201.62962783958164,42.813579047179985,186.02285795525265,145.3103110266315
ch117,38400,1741.3294158368951,5.484642704769344,0.7554509519030697,-11727.320489063264,14800.443838609379,0.19333333333333333,49.99,3.032e+06,9.362e+02,2.796e+00,1.728e+00,,,,193.95469790733924,202.52853116291868,73.03400616782902,208.35113038353475,176.2182488910691
ch118,38400,1587.3430471829286,6.566178269185916,0.3300656752807915,-11542.875768303953,13673.027408219566,0.19333333333333333,49.99,2.520e+06,7.681e+02,3.691e+00,2.253e+00,,,,176.3634400417111,207.24292363645776,67.96278997569108,194.01268513646633,155.77817643895796
ch119,38400,1463.3729371252914,2.566995821377652,1.1705926721286872,-9342.504734635302,13391.849800540444,0.19,9.976666666666667,2.141e+06,6.781e+02,2.598e+00,1.531e+00,,,,200.76531018501694,204.82524074805576,98.10397432387434,212.81722381844284,184.5163433794075
ch120,38400,1610.9144953586604,7.001682370560026,0.16768966557235299,-11862.076050214251,13924.268844916613,0.2,50.0,2.595e+06,7.589e+02,3.867e+00,2.279e+00,,,,174.76004836949738,212.82964449384613,84.5431291016189,192.50261438527826,153.87207625898316
ch121,38400,1751.1573278826777,4.867601029336049,0.6632714297869469,-12229.330285805074,15042.56950660007,0.19333333333333333,49.983333333333334,3.067e+06,9.585e+02,3.041e+00,1.779e+00,,,,187.55449936398787,212.29405106968468,95.27746594484499,202.66146811194852,168.71639187021123
ch122,38400,1368.2161116009706,8.140815022371577,-0.18806295854090765,-11026.56537470756,10330.976162435969,0.24,50.00666666666667,1.872e+06,4.601e+02,4.563e+00,2.770e+00,,,,158.85169313475137,215.61879355849132,93.77923829955432,178.6726410441661,136.45652123635094
ch123,38400,1474.0648860949027,6.84516369239856,0.2259522925556811,-10880.491799717123,12694.425996348888,0.21666666666666667,50.00666666666667,2.173e+06,6.071e+02,3.498e+00,2.045e+00,,,,175.1156107368051,217.34712578633722,102.21090372639549,192.1687791021558,154.78942623954086
ch124,38400,1655.2434119231484,3.7478529555211058,0.9121318278389945,-11374.898841386137,13970.846087465145,0.19,11.376666666666667,2.740e+06,8.671e+02,2.707e+00,1.605e+00,,,,188.29680943408707,215.80278545036984,111.80285352947337,202.43630451135576,170.25304511806425
ch125,38400,1566.6151643559817,0.0019994403580219948,1.413360571455429,-9984.731326097235,15713.790322716877,0.17666666666666667,0.6266666666666667,2.454e+06,8.076e+02,2.456e+00,1.579e+00,,,,200.90903911405482,213.4652136996283,125.61624929894825,211.83452879037395,185.46151137655494
ch126,38400,1212.29108437695,7.524329036646234,-0.18332279879266358,-13945.031569235034,7765.59145220129,0.2633333333333333,50.00666666666667,1.470e+06,3.311e+02,4.473e+00,2.909e+00,,,,147.89839236136982,215.5018791879524,107.05272338608388,167.99036088089395,125.71486206365323
ch127,38400,1171.7217650280427,3.4414193094934906,0.7682350519777508,-8222.392181566858,10073.608454199712,0.19666666666666666,49.99,1.373e+06,4.175e+02,2.312e+00,1.364e+00,,,,182.00358824879916,219.2172528263268,122.7490459081919,196.3972034930194,163.97704872283668
ch128,38400,708.417935070691,-0.5381673144455957,-0.5462843421993663,-6320.692507974583,3990.6992151686063,0.18666666666666668,50.0,5.019e+05,1.400e+02,2.905e+00,1.397e+00,,,,207.53723093926303,114.80168692092363,192.39146452539038,193.86571076345732,214.55308275811942
ch129,38400,851.9987677292589,-0.2808574692165746,-0.061485098812883325,-4199.007691418284,3711.8868198663777,0.25,50.00666666666667,7.259e+05,1.628e+02,2.206e+00,1.486e+00,,,,228.8906395189899,127.11779290896988,182.339306786003,218.9053473083496,232.75229485896512
ch130,38400,963.2095102044958,-0.3418302756015862,-0.06657406311209108,-5112.2834432655945,3828.0183818759633,0.23,50.00666666666667,9.278e+05,2.164e+02,2.795e+00,1.902e+00,,,,234.24817329633984,142.7365137807284,174.80012577028296,227.07073261423903,235.37996700453854
ch131,38400,995.8540540662893,-1.3651226076292893,-0.10697340196413019,-6321.075810458996,5842.036628798553,0.21,50.00666666666667,9.917e+05,2.661e+02,3.493e+00,2.273e+00,,,,229.1159586726777,156.9172232263527,163.454816462133,225.03484830019582,227.11030268186485
ch132,38400,681.795659860584,-1.5187058792333008,-0.31795445250914206,-5594.062514925803,5802.51762055679,0.18666666666666668,50.0,4.648e+05,1.316e+02,2.181e+00,1.281e+00,,,,213.62246947257472,109.32236327077898,189.1468579671626,200.27541066752343,220.53852260532096
ch133,38400,892.2675162587022,-0.5244540288320555,-0.2547415612125553,-5873.60634928908,4321.2452488794725,0.20666666666666667,50.00666666666667,7.961e+05,2.003e+02,2.543e+00,1.532e+00,,,,221.78808018222912,127.61820024741293,182.08174028896192,211.60943592486475,225.56991861259672
ch134,38400,926.6198934159517,-1.8653876700299157,0.15243463460710124,-5430.802438969832,5354.5845774936015,0.21666666666666667,50.0,8.586e+05,2.381e+02,4.171e+00,2.207e+00,,,,223.56057260040305,160.83123062887682,167.62810966307507,219.39584373539947,221.44451898614855
ch135,38400,872.1407153067604,-0.23428475132199347,-0.13382370461475188,-5287.7084603168805,3684.266514468858,0.22333333333333333,50.00666666666667,7.606e+05,1.806e+02,3.746e+00,1.952e+00,,,,221.2408681552174,147.13858158948122,178.4376740444581,213.76217412508896,222.21861704656573
ch136,38400,1074.0330263098838,-0.6458805809897042,-0.03785704930680976,-6152.668749907827,5906.37675715428,0.21666666666666667,50.00666666666667,1.154e+06,2.992e+02,3.508e+00,2.403e+00,,,,237.24065196722268,157.38241528818656,163.87417487208424,233.2457266818289,235.4146275445435
ch137,38400,830.5268047012347,0.48806935335998164,-0.1744750292802859,-5607.218615232601,3908.6280424959946,0.22333333333333333,50.00666666666667,6.898e+05,1.602e+02,3.354e+00,1.681e+00,,,,215.79478742495644,131.77127254739898,186.50545559766144,205.1743697149197,219.7927812036895
ch138,38400,760.6548708914244,-0.6801045309692064,-0.021225177224505343,-3703.7233067318684,4045.6893098916335,0.24333333333333335,50.00666666666667,5.786e+05,1.503e+02,3.463e+00,1.845e+00,,,,218.73752673024876,154.35602129424305,185.2440297431479,211.12739736442094,219.75832042165914
ch139,38400,665.2915038599399,-2.4442630368557277,0.1365777444944922,-4280.382308029537,5351.471221267294,0.19,10.473333333333333,4.426e+05,1.399e+02,2.874e+00,1.665e+00,,,,205.83445901029643,140.24786275397247,200.62811567947412,193.63783279300787,211.36221031480818
ch140,38400,682.0429738445353,-1.6246441495171318,-0.24431277807840313,-4187.736923353178,4991.453469640215,0.20333333333333334,45.41,4.652e+05,1.411e+02,2.824e+00,1.624e+00,,,,213.39460867361854,152.95518294721217,194.33728117919944,204.1102060707526,216.0560657277231
ch141,38400,1188.6938761351723,-3.868361887476229,1.5684857841939568,-7341.746331430231,13410.196893878465,0.19666666666666666,0.88,1.413e+06,4.613e+02,2.906e+00,1.742e+00,,,,221.0716923245084,181.7033266280194,176.71254320007245,218.69289390089986,217.22614618213004
ch142,38400,686.4670391304368,-3.802543033398543,0.14583922585355763,-4490.859042091561,5445.6884703983615,0.19333333333333333,24.39666666666667,4.712e+05,1.459e+02,2.541e+00,1.597e+00,,,,200.4342315691457,147.7866050398723,205.38060055764592,188.30568335551027,206.11930049049172
ch143,38400,1046.5683573113156,-3.6105437823645183,1.3418669048026173,-6307.007895760476,11417.726758774395,0.19666666666666666,1.5133333333333334,1.095e+06,3.510e+02,1.890e+00,1.204e+00,,,,207.3640300221237,179.35938799414635,194.87521153474248,202.07178543988113,206.70056986122938
ch144,38400,845.9746098522817,-0.1999144558730031,1.4997766180539314,-5523.366616623352,9230.835035223585,0.21,45.70333333333333,7.157e+05,2.207e+02,2.656e+00,1.550e+00,,,,211.47565521672576,199.0565977767538,112.82824136177646,220.2369766383227,197.97498763281106
ch145,38400,999.8333040530543,-0.418528642807316,1.4348575020689895,-6022.575064037272,11078.347175826832,0.21,42.38333333333333,9.997e+05,3.101e+02,2.827e+00,1.848e+00,,,,230.8728129577043,189.80576121518254,123.7724935586204,236.12433833164096,220.84124549509212
ch146,38400,1053.031909268189,-0.7610496298974969,0.9545795600414,-6293.883655361522,10194.39034348144,0.21,49.99,1.109e+06,3.346e+02,3.350e+00,2.220e+00,,,,235.23596225127386,181.0811213677812,138.12556688267856,237.50025892328952,227.77752970140986
ch147,38400,1059.8681118065165,-1.959864688301697,0.5966726414515852,-5775.2279193368995,8744.333257114462,0.21,50.0,1.123e+06,3.286e+02,3.849e+00,2.467e+00,,,,228.13951561810188,168.63718571965904,150.70851354287527,227.2428644033316,223.23651663582115
ch148,38400,1151.0025253663134,0.14967287301483262,1.3899551001508001,-7727.7043624518155,12103.395736207238,0.19666666666666666,8.176666666666666,1.325e+06,4.203e+02,2.552e+00,1.532e+00,,,,215.68130478398368,196.26852961162723,107.02005327666106,224.31487519122908,202.52058245744664
ch149,38400,914.9834976398329,-1.4715480935843415,1.3177879920306423,-5531.005141174277,9756.328090662339,0.21,31.613333333333333,8.372e+05,2.599e+02,3.074e+00,1.876e+00,,,,222.7592339575087,188.70907992883915,122.93089574713355,228.1783517354407,212.32138182627338
ch150,38400,1194.2801812590517,-3.7903272848785523,1.443667846183357,-7232.855889519134,12838.527431473516,0.19666666666666666,1.9866666666666666,1.426e+06,4.605e+02,3.916e+00,2.201e+00,,,,222.79138375633815,180.27704541015882,164.0700171916083,221.90318616949764,217.57259345087175
ch151,38400,985.2900324187882,-2.877127664831281,1.2143040062778239,-5923.901233775751,10291.996673294523,0.20666666666666667,26.276666666666667,9.708e+05,3.022e+02,3.838e+00,2.130e+00,,,,222.54923102028454,183.15195850478702,143.28855469794772,224.7626189398899,214.6709641878745
ch152,38400,1124.9544775494694,-0.9284225025493569,0.255907232436085,-6210.2512141008665,7787.152025043491,0.21,50.0,1.266e+06,3.606e+02,3.843e+00,2.608e+00,,,,236.8055533553832,169.4924000688253,151.49635260893672,235.88975435633395,232.17102333950518
ch153,38400,743.7311010614332,-1.4686555935387,1.35427306849209,-4693.584225302401,8137.033757836772,0.23,49.986666666666665,5.531e+05,1.651e+02,3.320e+00,1.864e+00,,,,217.27924333882305,191.64081882916884,127.95613333463828,222.83577320621322,206.49951615319395
ch154,38400,1167.6952802437772,-3.8065211260270675,1.6524600111893735,-7345.119104298717,13397.976893370687,0.19666666666666666,1.16,1.364e+06,4.425e+02,3.592e+00,2.054e+00,,,,221.69060134889432,190.10609492223298,151.91802812848766,223.96344556462498,213.63415538250115
ch155,38400,1476.822081008632,-2.8324998266552788,1.7633345906563356,-9040.831190437164,16998.5756505585,0.18,0.7,2.181e+06,7.167e+02,2.860e+00,1.871e+00,,,,209.77591222185075,207.71482367532528,139.23444080090627,217.31917393225504,197.1687170785397
ch156,38400,1479.9269799122737,-4.202923451809305,1.8948359569568074,-9261.170318148366,17760.502726054583,0.18666666666666668,0.8033333333333333,2.190e+06,7.162e+02,3.132e+00,1.996e+00,,,,215.98805133701157,200.23589006647256,152.37281702817725,220.17842091744572,206.2720194541427
ch157,38400,1595.355813678147,-3.128555851572605,1.7586909641210313,-9221.366138537487,18204.547079067375,0.18,0.69,2.545e+06,8.320e+02,2.534e+00,1.738e+00,,,,205.0144760986222,211.8605693339413,146.255885974396,212.84623715097536,192.3071217659775
ch158,38400,1524.6161516381567,-4.51726655537341,1.8283738522802098,-9689.599951685723,18053.139865355402,0.18666666666666668,8.076666666666666,2.324e+06,7.368e+02,2.186e+00,1.442e+00,,,,207.71224785943625,200.09143609544276,176.27666372686127,209.0207840655951,201.00503917908182
ch159,38400,1358.2965967790128,-4.527192223909762,1.702088510115689,-8617.716236028456,15898.067756512255,0.19333333333333333,0.9933333333333333,1.845e+06,5.942e+02,2.522e+00,1.596e+00,,,,215.17148007480557,186.1506129987729,181.421112174242,212.97066845066766,211.3467777514058
